ID,Type,Title,Price (EGP),Down Payment,Location Cluster,Full Address,Bedrooms,Bathrooms,Area (sqm),Agency Name,URL
55002196,Apartment,Below market price ! 1.500.000 Resale installmens,5100000,3500000.0,Veranda,"Veranda, Sahl Hasheesh, Hurghada, Red Sea",studio,1,54,Relax Real Estate,https://www.propertyfinder.eg/en/plp/buy/apartment-for-sale-red-sea-hurghada-sahl-hasheesh-2PlAp1bTZ5s.html
88971734,Apartment,Brand new furnished apartments 1 Min. to the beach,9900000,,Bay Village,"Bay Village, Sahl Hasheesh, Hurghada, Red Sea",2,1,106,Relax Real Estate,https://www.propertyfinder.eg/en/plp/buy/apartment-for-sale-red-sea-hurghada-sahl-hasheesh-bay-village-88971734.html
88971678,Townhouse,"deliver S Villa for sale in Sarai, near Madinaty",12400000,,S1,"S1, Sarai, Mostakbal City Compounds, Mostakbal City - Future City, Cairo",4,4,295,Sonic For Real-Estate,https://www.propertyfinder.eg/en/plp/buy/townhouse-for-sale-cairo-mostakbal-city---future-city-mostakbal-city-compounds-sarai-s1-88971678.html
8647490,Apartment,277m Super Lux Apartment-Ready to View &Move-OWEST,3800000,,Lake Dream,"Lake Dream, 6 October Compounds, 6 October City, Giza",3,3,277,Property Hills...,https://www.propertyfinder.eg/en/plp/buy/apartment-for-sale-giza-6-october-city-6-october-compounds-lake-dream-8647490.html
88971476,Duplex,420 SQM Duplex with Garden in Yasmeen Villas,11000000,,El Yasmeen 1,"El Yasmeen 1, El Yasmeen, New Cairo City, Cairo",6,3,420,Lutazn For Real Estate,https://www.propertyfinder.eg/en/plp/buy/duplex-for-sale-cairo-new-cairo-city-el-yasmeen-el-yasmeen-1-88971476.html
76508494,Chalet,Lowest price finished chalet for sale INST over 8Y,11000000,,Mar Bay,"Mar Bay, Ras Al Hekma, North Coast",2,2,110,Go Green Egypt Real Estate,https://www.propertyfinder.eg/en/plp/buy/chalet-for-sale-north-coast-ras-al-hekma-mar-bay-76508494.html
88960833,Villa,Under market price fully-finished villa 302m,23000000,,Belle Vie,"Belle Vie, New Zayed City, Sheikh Zayed City, Giza",3,3,302,Insider Real Estate Consultancy,https://www.propertyfinder.eg/en/plp/buy/villa-for-sale-giza-sheikh-zayed-city-new-zayed-city-belle-vie-88960833.html
88970797,Apartment,Ready to Move 3BR Apartment in De Joya 1 R8,5905000,590500.0,De Joya,"De Joya, New Capital Compounds, New Capital City, Cairo",3,2,139,Lutazn For Real Estate,https://www.propertyfinder.eg/en/plp/buy/apartment-for-sale-cairo-new-capital-city-new-capital-compounds-de-joya-88970797.html
88970725,Apartment,Apartment ready to move fully finished for sale,10000000,,Palm Hills New Cairo,"Palm Hills New Cairo, 5th Settlement Compounds, The 5th Settlement, New Cairo City, Cairo",3,2,185,Mr .Estates,https://www.propertyfinder.eg/en/plp/buy/apartment-for-sale-cairo-new-cairo-city-the-5th-settlement-5th-settlement-compounds-palm-hills-new-cairo-88970725.html
83133610,Apartment,apartment sale facing north rtm lowest price,10300000,,Moon Residences,"Moon Residences, Fifth Square, The 5th Settlement, New Cairo City, Cairo",3,3,174,Spade consultancy,https://www.propertyfinder.eg/en/plp/buy/apartment-for-sale-cairo-new-cairo-city-the-5th-settlement-fifth-square-moon-residences-83133610.html
87208384,Apartment,lowest price 215m patio open view,12200000,,El Patio Oro,"El Patio Oro, 5th Settlement Compounds, The 5th Settlement, New Cairo City, Cairo",3,3,215,Spade consultancy,https://www.propertyfinder.eg/en/plp/buy/apartment-for-sale-cairo-new-cairo-city-the-5th-settlement-5th-settlement-compounds-el-patio-oro-87208384.html
88956489,Apartment,Ready to Move: City Center 1BR – Stone Heights,4380000,1533000.0,El Hadaba District,"El Hadaba District, Hurghada, Red Sea",1,1,73,Homes Bay,https://www.propertyfinder.eg/en/plp/buy/apartment-for-sale-red-sea-hurghada-el-hadaba-district-88956489.html
88969289,Townhouse,Lowest Down Payment for Town House in Almaza Bay,51000000,,Almaza Bay,"Almaza Bay, Qesm Marsa Matrouh, North Coast",5,6,420,La Costa For Real Estate,https://www.propertyfinder.eg/en/plp/buy/townhouse-for-sale-north-coast-qesm-marsa-matrouh-almaza-bay-88969289.html
88970447,Apartment,Apartment ready to move 3 bdr prime location,6400090,,Mountain View iCity,"Mountain View iCity, 5th Settlement Compounds, The 5th Settlement, New Cairo City, Cairo",3,3,155,GHM Real Estate,https://www.propertyfinder.eg/en/plp/buy/apartment-for-sale-cairo-new-cairo-city-the-5th-settlement-5th-settlement-compounds-mountain-view-icity-88970447.html
88967137,Villa,Twin house for sale in Mountain View Ras El Hekma,16250000,,Skala Mountain View Ras El Hikma,"Skala Mountain View Ras El Hikma, North Coast Resorts, North Coast",4,4,300,Ammaier for real estate,https://www.propertyfinder.eg/en/plp/buy/villa-for-sale-north-coast-north-coast-resorts-skala-mountain-view-ras-el-hikma-88967137.html
88962603,Apartment,Corner Apartment Deal Below Market Price Hyde Park,10400000,,Mountain View Hyde Park,"Mountain View Hyde Park, 5th Settlement Compounds, The 5th Settlement, New Cairo City, Cairo",3,1,161,Aqarpedia For Resale,https://www.propertyfinder.eg/en/plp/buy/apartment-for-sale-cairo-new-cairo-city-the-5th-settlement-5th-settlement-compounds-mountain-view-hyde-park-88962603.html
88965184,Penthouse,Panoramic Penthouse with Backyard & Roof Hyde Park,10100000,,Mountain View Hyde Park,"Mountain View Hyde Park, 5th Settlement Compounds, The 5th Settlement, New Cairo City, Cairo",4,3,203,Aqarpedia For Resale,https://www.propertyfinder.eg/en/plp/buy/penthouse-for-sale-cairo-new-cairo-city-the-5th-settlement-5th-settlement-compounds-mountain-view-hyde-park-88965184.html
88970231,Townhouse,LOWEST PRICED FULLY FINISHED 210M TOWN -CREEK TOWN,15000000,,Creek Town,"Creek Town, The 1st Settlement, New Cairo City, Cairo",4,3,210,Real Opp,https://www.propertyfinder.eg/en/plp/buy/townhouse-for-sale-cairo-new-cairo-city-the-1st-settlement-creek-town-88970231.html
85051482,Apartment,Fully Finished apartment with Garden in palm parks,5000000,,Palm Parks   Palm Hills,"Palm Parks   Palm Hills, South Dahshur Link, 6 October City, Giza",2,2,130,Crown Stone Realty,https://www.propertyfinder.eg/en/plp/buy/apartment-for-sale-giza-6-october-city-south-dahshur-link-palm-parks-palm-hills-85051482.html
84515511,Apartment,Apartment finished with open view in swan lake,8000000,,Swan Lake North Coast,"Swan Lake North Coast, Qesm Ad Dabaah, North Coast",3,3,190,Crown Stone Realty,https://www.propertyfinder.eg/en/plp/buy/apartment-for-sale-north-coast-qesm-ad-dabaah-swan-lake-north-coast-84515511.html
85046817,Apartment,Fully finished apartment by Hassan Allam,5400000,,Swan Lake Residence,"Swan Lake Residence, 5th Settlement Compounds, The 5th Settlement, New Cairo City, Cairo",4,5,348,Crown Stone Realty,https://www.propertyfinder.eg/en/plp/buy/apartment-for-sale-cairo-new-cairo-city-the-5th-settlement-5th-settlement-compounds-swan-lake-residence-85046817.html
85059797,Villa,Town house Down payment and installments in o west,7000000,,O West,"O West, 6 October Compounds, 6 October City, Giza",3,4,231,Crown Stone Realty,https://www.propertyfinder.eg/en/plp/buy/villa-for-sale-giza-6-october-city-6-october-compounds-o-west-85059797.html
85606875,Villa,Twin house with installments prime next to PX,12500000,,Palm Hills Golf Extension,"Palm Hills Golf Extension, Al Wahat Road, 6 October City, Giza",4,4,410,Crown Stone Realty,https://www.propertyfinder.eg/en/plp/buy/villa-for-sale-giza-6-october-city-al-wahat-road-palm-hills-golf-extension-85606875.html
88963745,Villa,All Premium Facilities Near Mohamed Naguib Axis,27700000,1400000.0,Ever New Cairo,"Ever New Cairo, 5th Settlement Compounds, The 5th Settlement, New Cairo City, Cairo",5,5,230,Q Sequoie,https://www.propertyfinder.eg/en/plp/buy/villa-for-sale-cairo-new-cairo-city-the-5th-settlement-5th-settlement-compounds-ever-new-cairo-88963745.html
88969023,Chalet,Fully Finished 2BR Chalet in Almaza Bay - 5% Down,17000000,850000.0,Almaza Bay,"Almaza Bay, Qesm Marsa Matrouh, North Coast",2,1,118,Egypt Best Properties,https://www.propertyfinder.eg/en/plp/buy/chalet-for-sale-north-coast-qesm-marsa-matrouh-almaza-bay-88969023.html
88967532,Villa,Ready To Move Fully Finished Special Beach Front,51975000,25987500.0,Beit Al Bahr,"Beit Al Bahr, Sidi Heneish, North Coast",4,5,180,Q Sequoie,https://www.propertyfinder.eg/en/plp/buy/villa-for-sale-north-coast-sidi-heneish-beit-al-bahr-88967532.html
87844249,Townhouse,TOWNHOUSE CORNER 260 M FOR SALE at Bloomfields,14300000,11000000.0,Bloomfields,"Bloomfields, Mostakbal City Compounds, Mostakbal City - Future City, Cairo",4,5,260,Realpals Real Estate,https://www.propertyfinder.eg/en/plp/buy/townhouse-for-sale-cairo-mostakbal-city---future-city-mostakbal-city-compounds-bloomfields-87844249.html
88969235,Apartment,Apartment RTM At Low Price in Mostakbal Over8Years,3040000,,Zizinia Al Mostakbal,"Zizinia Al Mostakbal, Mostakbal City Compounds, Mostakbal City - Future City, Cairo",3,3,156,Roots Real Estate,https://www.propertyfinder.eg/en/plp/buy/apartment-for-sale-cairo-new-cairo-city-the-5th-settlement-mostakbal-city-compounds-zizinia-al-mostakbal-88969235.html
88969137,Chalet,Hacienda West Resale Ground Chalet Prime Location,6000000,,Hacienda West,"Hacienda West, Ras Al Hekma, North Coast",2,2,100,Triple S Real Estate,https://www.propertyfinder.eg/en/plp/buy/chalet-for-sale-north-coast-ras-al-hekma-hacienda-west-88969137.html
85319819,Apartment,Apartment Ready For Showing in Mostakbal Over 12 Y,2250000,,Suez Road,"Suez Road, New Cairo City, Cairo",1,1,50,Roots Real Estate,https://www.propertyfinder.eg/en/plp/buy/apartment-for-sale-cairo-new-cairo-city-suez-road-85319819.html
88968636,Chalet,CHALET FOR SALE FULLY FURNISHED 190 m- LAGOON VIEW,13000000,,Fouka Bay,"Fouka Bay, Qesm Marsa Matrouh, North Coast",4,4,190,Realpals Real Estate,https://www.propertyfinder.eg/en/plp/buy/chalet-for-sale-north-coast-qesm-marsa-matrouh-fouka-bay-88968636.html
88969017,Villa,Last town 220m in old Zayed ready now easy plan 3Y,9730000,,Al  Rabwa,"Al  Rabwa, Sheikh Zayed Compounds, Sheikh Zayed City, Giza",4,4,230,Property Hills Realty,https://www.propertyfinder.eg/en/plp/buy/villa-for-sale-giza-sheikh-zayed-city-sheikh-zayed-compounds-al-rabwa-88969017.html
88968937,Apartment,Apartment Minutes From On Suez Road Over 8 Years,9460000,,Isola Sheraton,"Isola Sheraton, El Saaqah St., Sheraton Al Matar, El Nozha, Cairo",3,3,150,Roots Real Estate,https://www.propertyfinder.eg/en/plp/buy/apartment-for-sale-cairo-el-nozha-sheraton-al-matar-el-saaqah-st-isola-sheraton-88968937.html
81057280,Chalet,Chalet - Direct lagoon - 3 beds - Roof 135 m - RTM,10500000,,D-Bay,"D-Bay, Qesm Ad Dabaah, North Coast",3,2,135,Realpals Real Estate,https://www.propertyfinder.eg/en/plp/buy/chalet-for-sale-north-coast-qesm-ad-dabaah-d-bay-81057280.html
81310029,Chalet,Ground floor 180 m - 4 beds - Direct lagoon - RTM,14500000,,Fouka Bay,"Fouka Bay, Qesm Marsa Matrouh, North Coast",4,4,180,Realpals Real Estate,https://www.propertyfinder.eg/en/plp/buy/chalet-for-sale-north-coast-qesm-marsa-matrouh-fouka-bay-81310029.html
88968929,Villa,Last town 220m in old Zayed ready now easy plan 3Y,11730000,,Patio Al Zahraa,"Patio Al Zahraa, Sheikh Zayed Compounds, Sheikh Zayed City, Giza",4,4,230,Property Hills Realty,https://www.propertyfinder.eg/en/plp/buy/villa-for-sale-giza-sheikh-zayed-city-sheikh-zayed-compounds-patio-al-zahraa-88968929.html
88968916,Chalet,Chalet 2BR Direct Lagoon View in Alamein Over 12 Y,7038000,,Mazarine,"Mazarine, New Alamein City, Al Alamein, North Coast",2,2,140,Roots Real Estate,https://www.propertyfinder.eg/en/plp/buy/chalet-for-sale-north-coast-al-alamein-mazarine-88968916.html
88968654,Chalet,STAND ALONE CHALET 190M)FOR SALE IN FOUKA BAY(RTM),13000000,,Fouka Bay,"Fouka Bay, Qesm Marsa Matrouh, North Coast",3,3,190,Realpals Real Estate,https://www.propertyfinder.eg/en/plp/buy/chalet-for-sale-north-coast-qesm-marsa-matrouh-fouka-bay-88968654.html
87844222,Hotel Apartment,GROUND CHALET ( SEA VIEW ) FOR SALE FOUKA BAY (RTM,12500000,,Fouka Bay,"Fouka Bay, Qesm Marsa Matrouh, North Coast",2,3,120,Realpals Real Estate,https://www.propertyfinder.eg/en/plp/buy/hotel-apartment-for-sale-north-coast-qesm-marsa-matrouh-fouka-bay-87844222.html
88968628,Apartment,Apartment 204m for sale in Lake View Residence,16900000,,Lake View Residence,"Lake View Residence, 5th Settlement Compounds, The 5th Settlement, New Cairo City, Cairo",3,3,204,AK Circle,https://www.propertyfinder.eg/en/plp/buy/apartment-for-sale-cairo-new-cairo-city-the-5th-settlement-5th-settlement-compounds-lake-view-residence-88968628.html
88968599,Twin House,Twin house 360 m for sale -first row golf,125000000,,Katameya Heights,"Katameya Heights, El Katameya Compounds, El Katameya, New Cairo City, Cairo",3,4,360,AK Circle,https://www.propertyfinder.eg/en/plp/buy/twin-house-for-sale-cairo-new-cairo-city-el-katameya-el-katameya-compounds-katameya-heights-88968599.html
88968493,Apartment,Apartment resale 3bed fully finished+Installments,5300000,,One Kattameya,"One Kattameya, El Katameya Compounds, El Katameya, New Cairo City, Cairo",3,3,167,INVEST PRO,https://www.propertyfinder.eg/en/plp/buy/apartment-for-sale-cairo-new-cairo-city-el-katameya-el-katameya-compounds-one-kattameya-88968493.html
88953219,Apartment,"Fully Finished Apartment ,Affordable Installments",3000000,,Zed East,"Zed East, 5th Settlement Compounds, The 5th Settlement, New Cairo City, Cairo",3,3,145,why solutions,https://www.propertyfinder.eg/en/plp/buy/apartment-for-sale-cairo-new-cairo-city-the-5th-settlement-5th-settlement-compounds-zed-east-88953219.html
88968350,Chalet,"chalet131m fully finished +A,C with DP 4.5 million",4500000,,Silver Sands,"Silver Sands, Qesm Marsa Matrouh, North Coast",3,3,131,Property Hills Realty,https://www.propertyfinder.eg/en/plp/buy/chalet-for-sale-north-coast-qesm-marsa-matrouh-silver-sands-88968350.html
88968215,Apartment,under market price apartment for sale mountainview,3500000,,Mountain View iCity,"Mountain View iCity, 5th Settlement Compounds, The 5th Settlement, New Cairo City, Cairo",3,3,145,GNY Real Estate,https://www.propertyfinder.eg/en/plp/buy/apartment-for-sale-cairo-new-cairo-city-the-5th-settlement-5th-settlement-compounds-mountain-view-icity-88968215.html
88968090,Chalet,Chalet With Large Garden Fully Furnished in Rhodes,7500000,,Mountain View,"Mountain View, Ras Al Hekma, North Coast",2,2,95,Square real estate,https://www.propertyfinder.eg/en/plp/buy/chalet-for-sale-north-coast-ras-al-hekma-mountain-view-88968090.html
88968114,Villa,Ready-to-Move Villa Lagoon View Old Price at Zayed,7950000,,Al  Rabwa,"Al  Rabwa, Sheikh Zayed Compounds, Sheikh Zayed City, Giza",4,4,220,Property Hills...,https://www.propertyfinder.eg/en/plp/buy/villa-for-sale-giza-sheikh-zayed-city-sheikh-zayed-compounds-al-rabwa-88968114.html
88967923,Apartment,Prime Ground Floor with Garden in North Rehab,4000000,,El Rehab Extension,"El Rehab Extension, Al Rehab, New Cairo City, Cairo",4,4,192,Milestone For Real Estate,https://www.propertyfinder.eg/en/plp/buy/apartment-for-sale-cairo-new-cairo-city-al-rehab-el-rehab-extension-88967923.html
88967972,Townhouse,Fully Finished Town Villa in MV Ras El Hekma,6950000,,Mountain View,"Mountain View, Ras Al Hekma, North Coast",3,3,170,Property Hills Star,https://www.propertyfinder.eg/en/plp/buy/townhouse-for-sale-north-coast-ras-al-hekma-mountain-view-88967972.html
88957477,Apartment,Prime Location Apt(flexi Finishing) in Villette,19000000,,Villette,"Villette, 5th Settlement Compounds, The 5th Settlement, New Cairo City, Cairo",3,3,188,Allocate Real Estate,https://www.propertyfinder.eg/en/plp/buy/apartment-for-sale-cairo-new-cairo-city-the-5th-settlement-5th-settlement-compounds-villette-88957477.html
88967249,Chalet,FINISHED CHALET FOR SALE WITH LOWEST DP OVER 10 Y,25000000,1250000.0,June,"June, Ras Al Hekma, North Coast",2,2,102,Egypt Best Properties,https://www.propertyfinder.eg/en/plp/buy/chalet-for-sale-north-coast-ras-al-hekma-june-88967249.html
86673641,Apartment,Direct on Jacaranda -Apt With Ac s-Eastown Sodic,18000000,,Eastown,"Eastown, 5th Settlement Compounds, The 5th Settlement, New Cairo City, Cairo",3,4,225,Allocate Real Estate,https://www.propertyfinder.eg/en/plp/buy/apartment-for-sale-cairo-new-cairo-city-the-5th-settlement-5th-settlement-compounds-eastown-86673641.html
86673762,Apartment,Under Market Apt With Acs-Eastown Sodic-Open View,12750000,,Eastown,"Eastown, 5th Settlement Compounds, The 5th Settlement, New Cairo City, Cairo",2,3,150,Allocate Real Estate,https://www.propertyfinder.eg/en/plp/buy/apartment-for-sale-cairo-new-cairo-city-the-5th-settlement-5th-settlement-compounds-eastown-86673762.html
88967257,Apartment,FINISHED APARTMENT FOR SALE WITH LARGE GARDEN,14000000,420000.0,Palm Hills New Cairo,"Palm Hills New Cairo, 5th Settlement Compounds, The 5th Settlement, New Cairo City, Cairo",3,3,152,Egypt Best Properties,https://www.propertyfinder.eg/en/plp/buy/apartment-for-sale-cairo-new-cairo-city-the-5th-settlement-5th-settlement-compounds-palm-hills-new-cairo-88967257.html
88967695,Apartment,Readyto move Apt Finished Garden near MallofArabia,2300000,,Kayan,"Kayan, Sheikh Zayed Compounds, Sheikh Zayed City, Giza",3,3,130,Property Hills Realty,https://www.propertyfinder.eg/en/plp/buy/apartment-for-sale-giza-sheikh-zayed-city-sheikh-zayed-compounds-kayan-88967695.html
88954279,Duplex,Resale Triplex 4 Bedrooms Open View Lowest Price,19500000,,Eastown,"Eastown, 5th Settlement Compounds, The 5th Settlement, New Cairo City, Cairo",4,4,303,Allocate Real Estate,https://www.propertyfinder.eg/en/plp/buy/duplex-for-sale-cairo-new-cairo-city-the-5th-settlement-5th-settlement-compounds-eastown-88954279.html
88957535,Apartment,Installments Apt Finished in Villette -Open View,15000000,,Villette,"Villette, 5th Settlement Compounds, The 5th Settlement, New Cairo City, Cairo",3,3,182,Allocate Real Estate,https://www.propertyfinder.eg/en/plp/buy/apartment-for-sale-cairo-new-cairo-city-the-5th-settlement-5th-settlement-compounds-villette-88957535.html
88967548,Apartment,150 SQM Apartment with Parking in Zohour Life,3300000,,Al Andalus El Gedida,"Al Andalus El Gedida, Al Andalus District, New Cairo City, Cairo",3,2,150,Lutazn For Real Estate,https://www.propertyfinder.eg/en/plp/buy/apartment-for-sale-cairo-new-cairo-city-al-andalus-district-al-andalus-el-gedida-88967548.html
83681700,Chalet,Resale Chalet With Lowest D.P Premium Location,3800000,,Hacienda West,"Hacienda West, Ras Al Hekma, North Coast",1,2,65,Square real estate,https://www.propertyfinder.eg/en/plp/buy/chalet-for-sale-north-coast-ras-al-hekma-hacienda-west-83681700.html
88967143,Chalet,Under market Chalet RTM-With Acs On lagoon in June,10500000,,June,"June, Ras Al Hekma, North Coast",3,2,144,Allocate Real Estate,https://www.propertyfinder.eg/en/plp/buy/chalet-for-sale-north-coast-ras-al-hekma-june-88967143.html
88967107,Villa,Prime Location LV Villa RTM direct on Ravine Sodic,32100000,,Sodic East,"Sodic East, 6th District, New Heliopolis, Cairo",5,6,395,Allocate Real Estate,https://www.propertyfinder.eg/en/plp/buy/villa-for-sale-cairo-new-heliopolis-6th-district-sodic-east-88967107.html
88967075,Apartment,apartment Ready move from owner install in SaraiS2,3201000,,S2,"S2, Sarai, Mostakbal City Compounds, Mostakbal City - Future City, Cairo",2,2,105,Sonic For Real-Estate,https://www.propertyfinder.eg/en/plp/buy/apartment-for-sale-cairo-mostakbal-city---future-city-mostakbal-city-compounds-sarai-s2-88967075.html
88954160,Chalet,lowest price chalet ff in elgouna direct on lagoon,18700000,1850000.0,Swan Lake Gouna,"Swan Lake Gouna, El Gouna, Hurghada, Red Sea",1,1,85,Crafters Real Estate,https://www.propertyfinder.eg/en/plp/buy/chalet-for-sale-red-sea-hurghada-el-gouna-swan-lake-gouna-88954160.html
88966865,Apartment,Apartment Finished in SAADA New Cairo Over 8 Years,11500000,,Saada Compound,"Saada Compound, New Cairo City, Cairo",3,3,137,Roots Real Estate,https://www.propertyfinder.eg/en/plp/buy/apartment-for-sale-cairo-new-cairo-city-saada-compound-88966865.html
88966748,Apartment,Luxury Apartments with Easy Payment Plans,2500000,1000000.0,Arabia Area,"Arabia Area, Hurghada, Red Sea",1,1,50,El-Bedihy & Co,https://www.propertyfinder.eg/en/plp/buy/apartment-for-sale-red-sea-hurghada-arabia-area-88966748.html
88966543,Apartment,BADYA PRIME LOCATION APARTMENT 12YEARS INSTALLMENT,8500000,,Badya Palm Hills,"Badya Palm Hills, 6 October Compounds, 6 October City, Giza",2,2,131,Egypt Best Properties,https://www.propertyfinder.eg/en/plp/buy/apartment-for-sale-giza-6-october-city-6-october-compounds-badya-palm-hills-88966543.html
88409584,Villa,"Villa in Hyde Park,new cairo with lowest price",5000000,,Hyde Park Central,"Hyde Park Central, The 6th Settlement, New Cairo City, Cairo",4,4,212,Oaks Real Estate,https://www.propertyfinder.eg/en/plp/buy/villa-for-sale-cairo-the-6th-settlement-new-cairo-city-hyde-park-central-88409584.html
88966527,Apartment,Apartment for less than the price in Sarai,4250000,,S2,"S2, Sarai, Mostakbal City Compounds, Mostakbal City - Future City, Cairo",2,2,122,Sonic For Real-Estate,https://www.propertyfinder.eg/en/plp/buy/apartment-for-sale-cairo-mostakbal-city---future-city-mostakbal-city-compounds-sarai-s2-88966527.html
87508625,Apartment,Flexi Finishing-Apt In prime Location-Under market,19000000,,Villette,"Villette, 5th Settlement Compounds, The 5th Settlement, New Cairo City, Cairo",3,3,188,Allocate Real Estate,https://www.propertyfinder.eg/en/plp/buy/apartment-for-sale-cairo-new-cairo-city-the-5th-settlement-5th-settlement-compounds-villette-87508625.html
88963507,Chalet,Chalet Deliver 2027 Frist Row sea view in Sokhna,3856000,,Lasirena Palm Beach,"Lasirena Palm Beach, Al Ain Al Sokhna, Suez",2,2,80,Roots Real Estate,https://www.propertyfinder.eg/en/plp/buy/chalet-for-sale-suez-al-ain-al-sokhna-lasirena-palm-beach-88963507.html
88964259,Apartment,Apartment RTM in Mostakbal City Over 6 Years,6325000,,Neopolis   Wadi Degla,"Neopolis   Wadi Degla, Mostakbal City Compounds, Mostakbal City - Future City, Cairo",3,3,200,Roots Real Estate,https://www.propertyfinder.eg/en/plp/buy/apartment-for-sale-cairo-new-cairo-city-the-5th-settlement-mostakbal-city-compounds-neopolis-wadi-degla-88964259.html
88966065,Chalet,Furnished Chalet with prime View for sale-Marassi,14850000,,Marassi,"Marassi, Sidi Abdel Rahman, North Coast",2,1,106,Master Mind Real Estate Services,https://www.propertyfinder.eg/en/plp/buy/chalet-for-sale-north-coast-sidi-abdel-rahman-marassi-88966065.html
88965447,Apartment,Studio For invest At Lowest Price Over 10 Years,2688000,,Qamary,"Qamary, R8, New Capital City, Cairo",studio,1,60,Roots Real Estate,https://www.propertyfinder.eg/en/plp/buy/apartment-for-sale-cairo-new-capital-city-r8-qamary-88965447.html
88965966,Apartment,Apartment 3BR At Lowest Price in New Cairo Over10Y,4630000,,Noll,"Noll, 5th Settlement Compounds, The 5th Settlement, New Cairo City, Cairo",3,3,140,Roots Real Estate,https://www.propertyfinder.eg/en/plp/buy/apartment-for-sale-cairo-new-cairo-city-the-5th-settlement-5th-settlement-compounds-noll-88965966.html
88965999,Apartment,Limited Finished Apartment View on Club-Resale,4200000,,Sodic East,"Sodic East, 6th District, New Heliopolis, Cairo",2,3,125,Allocate Real Estate,https://www.propertyfinder.eg/en/plp/buy/apartment-for-sale-cairo-new-heliopolis-6th-district-sodic-east-88965999.html
88965447,Apartment,Studio For invest At Lowest Price Over 10 Years,2688000,,Qamary,"Qamary, R8, New Capital City, Cairo",studio,1,60,Roots Real Estate,https://www.propertyfinder.eg/en/plp/buy/apartment-for-sale-cairo-new-capital-city-r8-qamary-88965447.html
88965966,Apartment,Apartment 3BR At Lowest Price in New Cairo Over10Y,4630000,,Noll,"Noll, 5th Settlement Compounds, The 5th Settlement, New Cairo City, Cairo",3,3,140,Roots Real Estate,https://www.propertyfinder.eg/en/plp/buy/apartment-for-sale-cairo-new-cairo-city-the-5th-settlement-5th-settlement-compounds-noll-88965966.html
88965999,Apartment,Limited Finished Apartment View on Club-Resale,4200000,,Sodic East,"Sodic East, 6th District, New Heliopolis, Cairo",2,3,125,Allocate Real Estate,https://www.propertyfinder.eg/en/plp/buy/apartment-for-sale-cairo-new-heliopolis-6th-district-sodic-east-88965999.html
88954537,Villa,"Villa for sale near Beverly Hills, Sheikh Zayed",2900000,,DeJoya Residence,"DeJoya Residence, New Zayed City, Sheikh Zayed City, Giza",4,4,275,Step One Real Estate,https://www.propertyfinder.eg/en/plp/buy/villa-for-sale-giza-sheikh-zayed-city-new-zayed-city-dejoya-residence-88954537.html
88950549,Apartment,Apartment for Sale in Mountain View Hyde Park,7895000,,Mountain View Hyde Park,"Mountain View Hyde Park, 5th Settlement Compounds, The 5th Settlement, New Cairo City, Cairo",2,2,141,KAMF,https://www.propertyfinder.eg/en/plp/buy/apartment-for-sale-cairo-new-cairo-city-the-5th-settlement-5th-settlement-compounds-mountain-view-hyde-park-88950549.html
88965754,Apartment,Lowest Installment Apt 3BD Sale Kayan Badr El Din,5500000,,Kayan,"Kayan, Sheikh Zayed Compounds, Sheikh Zayed City, Giza",3,2,120,Driven Properties,https://www.propertyfinder.eg/en/plp/buy/apartment-for-sale-giza-sheikh-zayed-city-sheikh-zayed-compounds-kayan-88965754.html
88965649,Townhouse,Town Corner View On Lake and greenery-Resale RTM,26000000,,Mountain View Hyde Park,"Mountain View Hyde Park, 5th Settlement Compounds, The 5th Settlement, New Cairo City, Cairo",3,2,281,Allocate Real Estate,https://www.propertyfinder.eg/en/plp/buy/townhouse-for-sale-cairo-new-cairo-city-the-5th-settlement-5th-settlement-compounds-mountain-view-hyde-park-88965649.html
88965629,Villa,Largest Type Villa Finished Corner - Lagoon View,54000000,,Mazarine,"Mazarine, New Alamein City, Al Alamein, North Coast",7,7,672,New Avenue Real Estate,https://www.propertyfinder.eg/en/plp/buy/villa-for-sale-north-coast-al-alamein-mazarine-88965629.html
88965544,Chalet,chalet fully finished- Azha north coast old price,9500000,,Azha North,"Azha North, Ras Al Hekma, North Coast",3,3,135,CBE New Homes,https://www.propertyfinder.eg/en/plp/buy/chalet-for-sale-north-coast-ras-al-hekma-azha-north-88965544.html
88965489,Apartment,Finished with Nanny and Parking - Boulevard Towers,9800000,,Badya Palm Hills,"Badya Palm Hills, 6 October Compounds, 6 October City, Giza",3,4,177,New Avenue Real Estate,https://www.propertyfinder.eg/en/plp/buy/apartment-for-sale-giza-6-october-city-6-october-compounds-badya-palm-hills-88965489.html
85328934,Chalet,Fully Finished Facing North Best Price Chalet,12800000,,Marassi,"Marassi, Sidi Abdel Rahman, North Coast",1,1,60,why solutions,https://www.propertyfinder.eg/en/plp/buy/chalet-for-sale-north-coast-sidi-abdel-rahman-marassi-85328934.html
88965088,Villa,Ready to move Cheapest Town Corner in Vye Sodic,5570000,,Vye Sodic,"Vye Sodic, New Zayed City, Sheikh Zayed City, Giza",4,5,297,Property  Hills.,https://www.propertyfinder.eg/en/plp/buy/villa-for-sale-giza-sheikh-zayed-city-new-zayed-city-vye-sodic-88965088.html
88965192,Twin House,Twinhouse Golf View in Newgiza - Ready to move,26000000,,New Giza,"New Giza, Cairo Alexandria Desert Road, 6 October City, Giza",4,4,305,New Avenue Real Estate,https://www.propertyfinder.eg/en/plp/buy/twin-house-for-sale-giza-6-october-city-cairo-alexandria-desert-road-new-giza-88965192.html
88965168,Chalet,Seashore | Resale | Chalet Direct on Pool | 2 Beds,7376830,4200000.0,Seashore,"Seashore, Ras Al Hekma, North Coast",2,2,96,Triple S Real Estate,https://www.propertyfinder.eg/en/plp/buy/chalet-for-sale-north-coast-ras-al-hekma-seashore-88965168.html
88962090,Chalet,Resale garden chalet finished RTM Azha Sokhna,6950000,,Azha,"Azha, Al Ain Al Sokhna, Suez",1,2,75,Allocate Real Estate,https://www.propertyfinder.eg/en/plp/buy/chalet-for-sale-suez-al-ain-al-sokhna-azha-88962090.html
88965079,Chalet,Hot Deal Fully Finished Chalet in Masaya10%DP,2629000,,Amwaj,"Amwaj, Sidi Abdel Rahman, North Coast",2,2,98,property hills Elite,https://www.propertyfinder.eg/en/plp/buy/chalet-for-sale-north-coast-sidi-abdel-rahman-amwaj-88965079.html
82102735,Apartment,Apartment Finished+ACS with SODIC in Mostakbal,14000000,3000000.0,East Vale,"East Vale, Mostakbal City Compounds, Mostakbal City - Future City, Cairo",2,2,130,CBE New Homes,https://www.propertyfinder.eg/en/plp/buy/apartment-for-sale-cairo-mostakbal-city---future-city-mostakbal-city-compounds-east-vale-82102735.html
88964928,Apartment,"Apartment for sale in Sheikh Zayed, 130 sqm",3800000,,Kayan,"Kayan, Sheikh Zayed Compounds, Sheikh Zayed City, Giza",3,2,130,property hills Elite,https://www.propertyfinder.eg/en/plp/buy/apartment-for-sale-giza-sheikh-zayed-city-sheikh-zayed-compounds-kayan-88964928.html
88964943,Villa,"Twin house for sale, 206 sqm, landscape view,",4000000,,Vye Sodic,"Vye Sodic, New Zayed City, Sheikh Zayed City, Giza",3,3,206,property hills Elite,https://www.propertyfinder.eg/en/plp/buy/villa-for-sale-giza-sheikh-zayed-city-new-zayed-city-vye-sodic-88964943.html
88953499,Apartment,Lowest price apartment in green square compound,5125000,,Green Square,"Green Square, Mostakbal City Compounds, Mostakbal City - Future City, Cairo",3,3,168,New Avenue Real Estate,https://www.propertyfinder.eg/en/plp/buy/apartment-for-sale-cairo-new-cairo-city-the-5th-settlement-mostakbal-city-compounds-green-square-88953499.html
88964706,iVilla,Corner iVilla Garden | Mountain View 1.1,12500000,,Mountain View 1.1,"Mountain View 1.1, 5th Settlement Compounds, The 5th Settlement, New Cairo City, Cairo",3,3,235,Premier Property,https://www.propertyfinder.eg/en/plp/buy/ivilla-for-sale-cairo-new-cairo-city-the-5th-settlement-5th-settlement-compounds-mountain-view-1-1-88964706.html
88963629,Villa,Direct lagoon and sea view - 4th row with cabin,70000000,,Ghazala Bay,"Ghazala Bay, Qesm Ad Dabaah, North Coast",4,5,336,New Avenue Real Estate,https://www.propertyfinder.eg/en/plp/buy/villa-for-sale-north-coast-qesm-ad-dabaah-ghazala-bay-88963629.html
88964286,Apartment,Apartment 198 m  for sale in New October Compound,2900000,,Nyoum October,"Nyoum October, Northern Expansions, 6 October City, Giza",3,3,198,property hills Elite,https://www.propertyfinder.eg/en/plp/buy/apartment-for-sale-giza-6-october-city-northern-expansions-nyoum-october-88964286.html
88964574,Chalet,Luxury Studio Hurghada's El Kawther Pool View,1800000,,El Kawther District,"El Kawther District, Hurghada, Red Sea",studio,1,40,Concrete Real Estate,https://www.propertyfinder.eg/en/plp/buy/chalet-for-sale-red-sea-hurghada-el-kawther-district-88964574.html
88964323,Twin House,Twin House for Sale in Heaven Beach – Private Entr,6750000,,Heaven Beach,"Heaven Beach, Al Ain Al Sokhna, Suez",3,2,174,Capital Lords Real Estate,https://www.propertyfinder.eg/en/plp/buy/twin-house-for-sale-suez-al-ain-al-sokhna-heaven-beach-88964323.html
